id;macoquan;tencoquan;noidung;tendaidien;sudung
1;success;Tuvalu;Senior Optional Yemeni Rial;Central African Republic;62939
2;Dalasi;Orchestrator Naira;Legacy Unbranded Plastic Chips;Unbranded Cotton Table Generic B2B;16967
3;withdrawal;one-to-one Indiana;holistic;Architect;69816
4;Falkland Islands (Malvinas);schemas;Pound Sterling Keyboard;Licensed Usability models;58116
5;District Unbranded;EXE Rustic Steel Shirt drive;Ways Liaison engage;disintermediate Assistant generating;83832
6;Bypass;Plastic Movies;SMS;Zimbabwe parse Customer;58514
7;capacitor program enhance;Falls;User-friendly;Savings Account;22864
8;El Salvador Colon US Dollar Checking Account global;Baby;Kyrgyz Republic transmit;solution connecting;96797
9;Refined redundant;Granite Grocery;bluetooth payment digital;Rubber Industrial seamless;58991
10;mesh partnerships;array Luxembourg Spurs;empower Home Loan Account SMS;back-end Via indexing;76891
