id;tenbaibao;phanloai;tenhoithao;namxuatban;thangxuatban;danhmuc;iffff;hindex;xeploai;rankbaibao;volbaibao;sobaibao;ppbaibao;link;ghichu;tacgiachinh;tacgiakhac
1;mobile Fish;77969;Savings Account Dam;9997;5808;45924;seamless Metal deposit;Producer;83244;93855;Electronics;99221;Money Market Account;Albania web-readiness;Namibia;Steel zero administration;Multi-channelled Licensed
2;grey Cambridgeshire;59241;Refined Rubber Chicken Table;6505;1326;94888;Planner cross-platform access;Public-key;24102;44015;Rubber Buckinghamshire Games;90932;Digitized invoice;convergence;Mayotte;Industrial;connect Markets Chief
3;capacitor archive;57044;Aruba;96117;32533;84453;compress South Georgia and the South Sandwich Islands;compelling mission-critical;54269;27599;scalable;16526;Industrial;index orange;Jewelery;monitor;1080p Checking Account Identity
4;Frozen IB;62329;archive Fantastic Plastic Chicken;32518;66592;72960;withdrawal COM;embrace Developer;84891;76078;Idaho compress Avon;52273;partnerships Grocery Intelligent;Dynamic;knowledge base Buckinghamshire;Concrete Investment Account Saint Lucia;User-centric
5;Money Market Account;69478;JSON;62435;80812;29563;Refined Squares;maroon;89255;88328;projection Fresh;35629;Direct;Profit-focused;Jewelery cutting-edge;Games;Iraq Bedfordshire
6;Concrete 24/7 Directives;32320;Mauritania;70301;40383;36362;Engineer;Exclusive Moroccan Dirham card;14808;28484;Computers Personal Loan Account Berkshire;5147;encompassing;deposit Canadian Dollar Lebanon;Designer Persistent;Handmade 24/7 Re-contextualized;web-enabled invoice withdrawal
7;bypassing optical;15071;Bedfordshire;69581;4077;85835;neural-net red;Buckinghamshire Future-proofed deposit;17436;94052;disintermediate Cambridgeshire hacking;67569;bandwidth azure;SMS Enhanced;Bacon Designer;Equatorial Guinea Vision-oriented;Agent
8;Human deposit;33902;cross-media;72595;84666;89711;AI optical invoice;Marketing;78534;89855;Home Loan Account Tools Unbranded;66350;Home Gloves Latvia;Ports Manager Fish;Networked;Fish;payment calculating
9;local area network Benin;50881;withdrawal Ergonomic;58987;97301;97889;Cambridgeshire Investor;cross-platform Borders;57690;66892;CSS Re-contextualized;49919;Alaska;deposit Chips Applications;uniform PCI back up;Tactics architectures Planner;Facilitator Incredible functionalities
10;compressing;31692;Pants Maryland;93615;84421;69602;Arkansas Intelligent Credit Card Account;intuitive Open-architected system-worthy;32255;74076;Belize Dollar Sudanese Pound real-time;29359;redundant;Synergistic Personal Loan Account Sleek;Borders;olive Handcrafted Cotton Bacon Unbranded Fresh Pants;incubate
